[{"model": "auth.group", "pk": 1, "fields": {"name": "arrangoer", "permissions": []}}, {"model": "auth.group", "pk": 2, "fields": {"name": "tekniker", "permissions": []}}, {"model": "auth.group", "pk": 3, "fields": {"name": "bookingansvarlig", "permissions": []}}, {"model": "auth.group", "pk": 4, "fields": {"name": "bookingsjef", "permissions": []}}, {"model": "auth.group", "pk": 5, "fields": {"name": "manager", "permissions": []}}, {"model": "auth.user", "pk": 1, "fields": {"password": "pbkdf2_sha256$36000$Yxv06fjLdLNF$11/FpXhzwRTwU/BbCZgP5nZeK0ER0ClWrXbvvE8BxuA=", "last_login": "2017-10-24T15:36:57.839Z", "is_superuser": true, "username": "johannes", "first_name": "", "last_name": "", "email": "johanneskv96@gmail.com", "is_staff": true, "is_active": true, "date_joined": "2017-09-19T09:40:55Z", "groups": [1, 2, 3], "user_permissions": []}}, {"model": "auth.user", "pk": 2, "fields": {"password": "pbkdf2_sha256$36000$Swq6tor5mXys$1v6acQUkMXJs9OaAy13/hLZ04MkeY0pftRdhcaVrVBQ=", "last_login": "2017-10-19T10:20:02.797Z", "is_superuser": true, "username": "jesus", "first_name": "", "last_name": "", "email": "projuktig@gmail.com", "is_staff": true, "is_active": true, "date_joined": "2017-09-21T08:10:16.421Z", "groups": [], "user_permissions": []}}, {"model": "auth.user", "pk": 6, "fields": {"password": "pbkdf2_sha256$36000$zoc35KkMEDPx$paEbqzCdP/3LRd/j3Haqg0ixqsO5YRHQFxqdkqGECpU=", "last_login": "2017-10-17T08:33:52.383Z", "is_superuser": false, "username": "mrarrangoer", "first_name": "", "last_name": "", "email": "", "is_staff": false, "is_active": true, "date_joined": "2017-10-04T10:12:55Z", "groups": [1], "user_permissions": []}}, {"model": "auth.user", "pk": 7, "fields": {"password": "pbkdf2_sha256$36000$CvujtL1eZvz0$QdJYEb8z3IPKCg+0By0CYPtdMDLSaXCHckT94alyrYg=", "last_login": "2017-10-24T15:40:35.486Z", "is_superuser": false, "username": "mrmanager", "first_name": "", "last_name": "", "email": "", "is_staff": false, "is_active": true, "date_joined": "2017-10-11T18:57:12Z", "groups": [5], "user_permissions": []}}, {"model": "auth.user", "pk": 8, "fields": {"password": "pbkdf2_sha256$36000$AndccaTi1unT$hFPFWuh6d93oUhCX7lYPOrYYIoltfkXt8UhziWPBx4o=", "last_login": "2017-10-17T08:34:19.596Z", "is_superuser": false, "username": "mrtekniker", "first_name": "", "last_name": "", "email": "", "is_staff": false, "is_active": true, "date_joined": "2017-10-11T18:57:37Z", "groups": [2], "user_permissions": []}}, {"model": "auth.user", "pk": 9, "fields": {"password": "pbkdf2_sha256$36000$6uBCadt0PSpv$zc/1a2ZUsldCowoM7ksZgtVzpSEZ1z3H1kMrflrF9NE=", "last_login": null, "is_superuser": false, "username": "mrbookingsjef", "first_name": "", "last_name": "", "email": "", "is_staff": false, "is_active": true, "date_joined": "2017-10-11T18:57:54Z", "groups": [4], "user_permissions": []}}, {"model": "auth.user", "pk": 10, "fields": {"password": "pbkdf2_sha256$36000$bm50S3rA4Kth$bkLCoB1TD1BOMlCAzFJAq+LLRAwX1dPl1kUL9yJlb8I=", "last_login": null, "is_superuser": false, "username": "mrbookingansvarlig", "first_name": "", "last_name": "", "email": "", "is_staff": false, "is_active": true, "date_joined": "2017-10-11T18:58:45Z", "groups": [3], "user_permissions": []}}, {"model": "auth.user", "pk": 11, "fields": {"password": "pbkdf2_sha256$36000$Zus7Rn9nOxhQ$MNcBglG0PsDnv8welVp+yHO1NerMsRQQO/fkE1YGjkw=", "last_login": "2017-10-11T19:45:01.973Z", "is_superuser": false, "username": "mrtekniker2", "first_name": "", "last_name": "", "email": "", "is_staff": false, "is_active": true, "date_joined": "2017-10-11T19:44:45Z", "groups": [2], "user_permissions": []}}, {"model": "auth.user", "pk": 12, "fields": {"password": "pbkdf2_sha256$36000$dwp60aDjNjZT$x/gQI4chkgrjqBZI5a9Pmxevi+xm4LUl8rPCyTf2c/Q=", "last_login": "2017-10-24T15:37:59.637Z", "is_superuser": false, "username": "mrmanager2", "first_name": "", "last_name": "", "email": "", "is_staff": false, "is_active": true, "date_joined": "2017-10-24T14:29:40Z", "groups": [5], "user_permissions": []}}, {"model": "sessions.session", "pk": "5z6c0eu15dgdnmup8c777dq7naetyrod", "fields": {"session_data": "ODNiZmJlZGVjYTA4ZjkzN2QxYTVmYTNjMzIzODk0YjhlMzgxYjJmMTp7Il9hdXRoX3VzZXJfaGFzaCI6IjAxYjdkMmYzODhlZTJiYTNlMmU1YzQwMDE1YTAwNDdiMzU1YzNjYTkiLCJfYXV0aF91c2VyX2lkIjoiMSIsIl9hdXRoX3VzZXJfYmFja2VuZCI6ImRqYW5nby5jb250cmliLmF1dGguYmFja2VuZHMuTW9kZWxCYWNrZW5kIn0=", "expire_date": "2017-10-05T09:24:46.699Z"}}, {"model": "sessions.session", "pk": "gbzrl5d4s6koo6avmrklx1a7hxaakzax", "fields": {"session_data": "YTc5ZDJmZDMzYjljMzAzOGY5Y2RjYjRhNTc3NzlmNDAzMjczYmUyOTp7Il9hdXRoX3VzZXJfaWQiOiI3IiwiX2F1dGhfdXNlcl9iYWNrZW5kIjoiZGphbmdvLmNvbnRyaWIuYXV0aC5iYWNrZW5kcy5Nb2RlbEJhY2tlbmQiLCJfYXV0aF91c2VyX2hhc2giOiI2Y2U0NGY3YTY0NDFhNDE1ZTQ5NTc3ZjQ3Mzk5MzVkNmVhMWU3MGY0In0=", "expire_date": "2017-11-07T15:40:35.514Z"}}, {"model": "sessions.session", "pk": "mw3jtsb8xy1ghr2dx4nhl7fpb16yu8xm", "fields": {"session_data": "ZGY4NWNkNTNjYjM1M2M0NTcxYWE0ZTIyY2NlMzJiNDk1NmMwOGY4Yjp7Il9hdXRoX3VzZXJfaWQiOiIxIiwiX2F1dGhfdXNlcl9iYWNrZW5kIjoiZGphbmdvLmNvbnRyaWIuYXV0aC5iYWNrZW5kcy5Nb2RlbEJhY2tlbmQiLCJfYXV0aF91c2VyX2hhc2giOiIwMWI3ZDJmMzg4ZWUyYmEzZTJlNWM0MDAxNWEwMDQ3YjM1NWMzY2E5In0=", "expire_date": "2017-10-25T20:44:01.767Z"}}, {"model": "sessions.session", "pk": "pfycljoolxz0zcuvz4ag3k6fbsrxti63", "fields": {"session_data": "NmZiNDlmZmM0MmM3Njk0YjZlMDg4YjFhMDUyZTIyMjhkZTJiMTg1ZTp7Il9hdXRoX3VzZXJfaWQiOiIyIiwiX2F1dGhfdXNlcl9iYWNrZW5kIjoiZGphbmdvLmNvbnRyaWIuYXV0aC5iYWNrZW5kcy5Nb2RlbEJhY2tlbmQiLCJfYXV0aF91c2VyX2hhc2giOiI2ZWQ0YWNhOWY1OTM1MGU1ZTJjZjVlMTliM2U3NzZkOGZmYWQ5YjNkIn0=", "expire_date": "2017-10-05T08:13:23.988Z"}}, {"model": "sessions.session", "pk": "ri5r5w3c9br9w07iko6ulhdmf6pueb0r", "fields": {"session_data": "NzA1MGIwZjRhOGFmM2EyMjQ1MGYxM2VmYTIyNGI3YzFhZWI5NDQzNzp7Il9hdXRoX3VzZXJfYmFja2VuZCI6ImRqYW5nby5jb250cmliLmF1dGguYmFja2VuZHMuTW9kZWxCYWNrZW5kIiwiX2F1dGhfdXNlcl9pZCI6IjEiLCJfYXV0aF91c2VyX2hhc2giOiIwMWI3ZDJmMzg4ZWUyYmEzZTJlNWM0MDAxNWEwMDQ3YjM1NWMzY2E5In0=", "expire_date": "2017-10-18T14:08:37.987Z"}}, {"model": "sessions.session", "pk": "sdbfv9g5hrpqiz5ms76va9wfht29th70", "fields": {"session_data": "ODIzN2NmOWMyYmRjZmRkYTFiZDhkMmY5Y2IwMGM1YzQwMjYwZGIzMDp7Il9hdXRoX3VzZXJfaWQiOiI4IiwiX2F1dGhfdXNlcl9iYWNrZW5kIjoiZGphbmdvLmNvbnRyaWIuYXV0aC5iYWNrZW5kcy5Nb2RlbEJhY2tlbmQiLCJfYXV0aF91c2VyX2hhc2giOiI1NWMwMmJjODQ5OGM1NmIyODE0YzcxZmNlYzY1OGY5M2MyZDVjMGEzIn0=", "expire_date": "2017-10-31T08:34:19.638Z"}}, {"model": "sessions.session", "pk": "uqq4gvy4lf0pn45g5eg832nkiqbndn4a", "fields": {"session_data": "OWY3MGQwNDc5MjQwMWQ2ZTFkZjQ1OGJmYTBlZTJlNmYwZTE4NTZmYjp7Il9hdXRoX3VzZXJfYmFja2VuZCI6ImRqYW5nby5jb250cmliLmF1dGguYmFja2VuZHMuTW9kZWxCYWNrZW5kIiwiX2F1dGhfdXNlcl9oYXNoIjoiMDFiN2QyZjM4OGVlMmJhM2UyZTVjNDAwMTVhMDA0N2IzNTVjM2NhOSIsIl9hdXRoX3VzZXJfaWQiOiIxIn0=", "expire_date": "2017-10-03T09:44:09.647Z"}}, {"model": "sessions.session", "pk": "wh95jcr1esw63ktjazo86dd294y4mww9", "fields": {"session_data": "YWMzODk3ZjkxYTY3N2ZkZmUzMjYzY2FmNjk4ZDlmMGViMzEyMDhkNTp7Il9hdXRoX3VzZXJfaGFzaCI6ImI3N2EwZTJmYWY2Y2Y3MWFmOTk5YzE5ZTg3MGJiNDFkOGM4YWQzNzMiLCJfYXV0aF91c2VyX2lkIjoiNSIsIl9hdXRoX3VzZXJfYmFja2VuZCI6ImRqYW5nby5jb250cmliLmF1dGguYmFja2VuZHMuTW9kZWxCYWNrZW5kIn0=", "expire_date": "2017-10-17T08:20:30.658Z"}}, {"model": "sessions.session", "pk": "xvac09s75jd35usjj6nzgjqqaqt9oq7i", "fields": {"session_data": "ZGY4NWNkNTNjYjM1M2M0NTcxYWE0ZTIyY2NlMzJiNDk1NmMwOGY4Yjp7Il9hdXRoX3VzZXJfaWQiOiIxIiwiX2F1dGhfdXNlcl9iYWNrZW5kIjoiZGphbmdvLmNvbnRyaWIuYXV0aC5iYWNrZW5kcy5Nb2RlbEJhY2tlbmQiLCJfYXV0aF91c2VyX2hhc2giOiIwMWI3ZDJmMzg4ZWUyYmEzZTJlNWM0MDAxNWEwMDQ3YjM1NWMzY2E5In0=", "expire_date": "2017-10-03T18:26:55.462Z"}}, {"model": "webapp.band", "pk": 1, "fields": {"navn": "Kaizers Orchestra", "kostnad": 10000, "manager": 7, "utstyr": "Mye\r\nMer\r\nTrommer\r\nMikrofon", "sjanger": "Rock", "info": "Kaizers Orchestra var et norsk alternativ rockeband fra Rogaland, startet i Bergen i 2000.", "rating": 5, "albums_sold": 0, "previous_concerts": "ja"}}, {"model": "webapp.band", "pk": 2, "fields": {"navn": "Dream Theater", "kostnad": 777, "manager": 7, "utstyr": "Is\r\nBrus\r\nCola", "sjanger": "Prog. metal", "info": "Dream Theater er et amerikansk progressiv metal-band som ble dannet ved Berklee College of Music p\u00e5 midten av 1980-tallet", "rating": 11, "albums_sold": 0, "previous_concerts": "ja"}}, {"model": "webapp.band", "pk": 3, "fields": {"navn": "Rage Against The Machine", "kostnad": 6666, "manager": 12, "utstyr": "Trommesett\r\nMikrofon x2", "sjanger": "Alternativ Metal", "info": "10/10", "rating": 10, "albums_sold": 0, "previous_concerts": "ja"}}, {"model": "webapp.band", "pk": 4, "fields": {"navn": "Kjartan Lauritzen", "kostnad": 1, "manager": 7, "utstyr": "Mikrofon", "sjanger": "Rap", "info": "Sv\u00e6rt popul\u00e6r", "rating": 100, "albums_sold": 0, "previous_concerts": ""}}, {"model": "webapp.band", "pk": 5, "fields": {"navn": "Otto Knows", "kostnad": 57493, "manager": 7, "utstyr": "DJ-rig", "sjanger": "House", "info": "Litt mindre kjent", "rating": 8, "albums_sold": 0, "previous_concerts": ""}}, {"model": "webapp.band", "pk": 6, "fields": {"navn": "The Seatbelts", "kostnad": 100, "manager": 7, "utstyr": "Sambatrommer\r\nKondensatormikrofon x3", "sjanger": "Jazz", "info": "Indie", "rating": 7, "albums_sold": 0, "previous_concerts": ""}}, {"model": "webapp.band", "pk": 7, "fields": {"navn": "M83", "kostnad": 982, "manager": 12, "utstyr": "Mikrofon", "sjanger": "Electronica", "info": "Variert", "rating": 7, "albums_sold": 0, "previous_concerts": "nei"}}, {"model": "webapp.band", "pk": 8, "fields": {"navn": "Alestorm", "kostnad": 1234, "manager": 7, "utstyr": "Gitar\r\nBass\r\nTrommesett\r\nMikrofon x2\r\nSynth", "sjanger": "Piratmetal", "info": "Dedikert fanbase, litt annerledes, men lett \u00e5 finne sansen for", "rating": 8, "albums_sold": 0, "previous_concerts": ""}}, {"model": "webapp.band", "pk": 9, "fields": {"navn": "Shakira", "kostnad": 72094, "manager": 1, "utstyr": "Mikrofon\r\nSambatrommer", "sjanger": "Pop", "info": "Sv\u00e6rt kjent", "rating": 9, "albums_sold": 0, "previous_concerts": "nei"}}, {"model": "webapp.band", "pk": 10, "fields": {"navn": "Metallica", "kostnad": 1734, "manager": 12, "utstyr": "Gitar\r\nTrommesett\r\nMikrofon\r\nBass", "sjanger": "Metal", "info": "Sv\u00e6rt kjent", "rating": 9, "albums_sold": 0, "previous_concerts": "nei"}}, {"model": "webapp.bestilling", "pk": 1, "fields": {"dato": "2017-09-19T21:19:07Z", "band": 1, "scene": "1", "godkjent": null}}, {"model": "webapp.konserter", "pk": 3, "fields": {"scene": "Knaus", "konsert": "UKA-Dream Theater", "dato": "2019-10-11T14:08:21Z", "festival": "UKA19", "publikumsantall": 200, "teknikere": [], "band": [2]}}, {"model": "webapp.konserter", "pk": 4, "fields": {"scene": "Storsalen", "konsert": "UKA-Shakira", "dato": "2017-10-11T19:13:28Z", "festival": "UKA17", "publikumsantall": 10000, "teknikere": [], "band": [9]}}, {"model": "webapp.konserter", "pk": 5, "fields": {"scene": "D\u00f8dens Dal", "konsert": "UKA-Metallica & Alestorm", "dato": "2019-10-17T19:15:05Z", "festival": "UKA19", "publikumsantall": 6000, "teknikere": [], "band": [8, 10]}}, {"model": "webapp.konserter", "pk": 6, "fields": {"scene": "Storsalen", "konsert": "UKA-M83", "dato": "2019-11-09T20:33:01Z", "festival": "UKA19", "publikumsantall": 2000, "teknikere": [], "band": [7]}}, {"model": "webapp.konserter", "pk": 7, "fields": {"scene": "D\u00f8dens Dal", "konsert": "UKA-Kjartan Lauritzen", "dato": "2017-10-11T19:36:42Z", "festival": "UKA17", "publikumsantall": 6000, "teknikere": [], "band": [4]}}, {"model": "webapp.konserter", "pk": 9, "fields": {"scene": "Bodegaen", "konsert": "UKA-Otto Knows", "dato": "2017-10-11T20:35:38Z", "festival": "UKA17", "publikumsantall": 1000, "teknikere": [], "band": [5]}}, {"model": "webapp.konserter", "pk": 10, "fields": {"scene": "Edgar", "konsert": "UKA-The Seatbelts", "dato": "2017-10-11T20:36:18Z", "festival": "UKA17", "publikumsantall": 1337, "teknikere": [], "band": [6]}}, {"model": "webapp.backline", "pk": 3, "fields": {"band": null, "backline": "Forsterkere"}}, {"model": "webapp.backline", "pk": 4, "fields": {"band": 1, "backline": "Oljet\u00f8nner"}}, {"model": "webapp.backline", "pk": 6, "fields": {"band": null, "backline": "Mikrofoner"}}, {"model": "webapp.backline", "pk": 7, "fields": {"band": 1, "backline": "Kit"}}, {"model": "webapp.backline", "pk": 8, "fields": {"band": null, "backline": "Keys"}}, {"model": "webapp.backline", "pk": 9, "fields": {"band": 2, "backline": "orgel"}}, {"model": "webapp.backline", "pk": 10, "fields": {"band": 3, "backline": "ukulele"}}, {"model": "webapp.backline", "pk": 11, "fields": {"band": null, "backline": "parkanner"}}, {"model": "webapp.backline", "pk": 12, "fields": {"band": 2, "backline": "aura"}}, {"model": "webapp.backline", "pk": 13, "fields": {"band": 3, "backline": "Trommer"}}, {"model": "webapp.backline", "pk": 14, "fields": {"band": 3, "backline": "Kit"}}, {"model": "webapp.backline", "pk": 15, "fields": {"band": 2, "backline": "micstativ"}}, {"model": "webapp.tekniske_behov", "pk": 4, "fields": {"band": 1, "backline": null, "behov": "16\" tam", "opplastet": "2017-09-28T08:43:18.124Z"}}, {"model": "webapp.tekniske_behov", "pk": 5, "fields": {"band": 2, "backline": null, "behov": "Stortromme", "opplastet": "2017-10-03T08:09:46.747Z"}}, {"model": "webapp.tekniske_behov", "pk": 6, "fields": {"band": 1, "backline": null, "behov": "tammer", "opplastet": "2017-10-03T08:16:33.605Z"}}, {"model": "webapp.tekniske_behov", "pk": 7, "fields": {"band": 1, "backline": null, "behov": "tr\u00e5dl\u00f8s h\u00e5ndholdt", "opplastet": "2017-10-03T10:27:56.441Z"}}, {"model": "webapp.tekniske_behov", "pk": 8, "fields": {"band": 1, "backline": 3, "behov": "Orange", "opplastet": "2017-10-03T10:33:55.624Z"}}, {"model": "webapp.tekniske_behov", "pk": 9, "fields": {"band": 2, "backline": 3, "behov": "Marshall", "opplastet": "2017-10-03T10:35:26.303Z"}}, {"model": "webapp.tekniske_behov", "pk": 10, "fields": {"band": 1, "backline": 6, "behov": "SM 58", "opplastet": "2017-10-10T09:51:03.230Z"}}, {"model": "webapp.tekniske_behov", "pk": 11, "fields": {"band": 1, "backline": 4, "behov": "svarte", "opplastet": "2017-10-10T12:02:08.835Z"}}, {"model": "webapp.tekniske_behov", "pk": 12, "fields": {"band": 1, "backline": 3, "behov": "twin", "opplastet": "2017-10-12T07:19:22.109Z"}}, {"model": "webapp.tekniske_behov", "pk": 13, "fields": {"band": 1, "backline": 7, "behov": "bongo", "opplastet": "2017-10-12T07:20:13.699Z"}}, {"model": "webapp.tekniske_behov", "pk": 14, "fields": {"band": 2, "backline": 8, "behov": "synth", "opplastet": "2017-10-12T07:25:20.903Z"}}, {"model": "webapp.tekniske_behov", "pk": 15, "fields": {"band": 3, "backline": null, "behov": "gitar", "opplastet": "2017-10-12T07:36:57.674Z"}}, {"model": "webapp.tekniske_behov", "pk": 16, "fields": {"band": 3, "backline": 3, "behov": "twin", "opplastet": "2017-10-12T07:38:15.323Z"}}, {"model": "webapp.tekniske_behov", "pk": 17, "fields": {"band": 1, "backline": 6, "behov": "sm57", "opplastet": "2017-10-12T07:48:33.835Z"}}, {"model": "webapp.tekniske_behov", "pk": 18, "fields": {"band": 1, "backline": 3, "behov": "marshall", "opplastet": "2017-10-12T07:53:03.772Z"}}, {"model": "webapp.tekniske_behov", "pk": 19, "fields": {"band": 1, "backline": 4, "behov": "r\u00f8de", "opplastet": "2017-10-12T09:42:28.527Z"}}, {"model": "webapp.tekniske_behov", "pk": 20, "fields": {"band": 4, "backline": 6, "behov": "tr\u00e5dl\u00f8s", "opplastet": "2017-10-12T09:43:19.444Z"}}, {"model": "webapp.tekniske_behov", "pk": 21, "fields": {"band": 4, "backline": 8, "behov": "synth", "opplastet": "2017-10-12T09:43:35.446Z"}}, {"model": "webapp.tekniske_behov", "pk": 22, "fields": {"band": 1, "backline": 4, "behov": "rosa", "opplastet": "2017-10-19T10:52:44.011Z"}}, {"model": "webapp.tekniske_behov", "pk": 23, "fields": {"band": 1, "backline": 6, "behov": "Beta58", "opplastet": "2017-10-19T11:05:04.684Z"}}, {"model": "webapp.tekniske_behov", "pk": 24, "fields": {"band": 1, "backline": 3, "behov": "twin", "opplastet": "2017-10-24T14:24:16.287Z"}}, {"model": "webapp.tekniske_behov", "pk": 25, "fields": {"band": 2, "backline": 8, "behov": "orgel", "opplastet": "2017-10-24T15:31:43.880Z"}}, {"model": "admin.logentry", "pk": 1, "fields": {"action_time": "2017-09-19T20:57:06.865Z", "user": 1, "content_type": 7, "object_id": "1", "object_repr": "Band object", "action_flag": 1, "change_message": "[{\"added\": {}}]"}}, {"model": "admin.logentry", "pk": 2, "fields": {"action_time": "2017-09-19T21:00:03.206Z", "user": 1, "content_type": 7, "object_id": "2", "object_repr": "Dream Theater", "action_flag": 1, "change_message": "[{\"added\": {}}]"}}, {"model": "admin.logentry", "pk": 3, "fields": {"action_time": "2017-09-19T21:19:12.686Z", "user": 1, "content_type": 8, "object_id": "1", "object_repr": "Kaizers Orchestra", "action_flag": 1, "change_message": "[{\"added\": {}}]"}}, {"model": "admin.logentry", "pk": 4, "fields": {"action_time": "2017-09-19T21:40:29.901Z", "user": 1, "content_type": 8, "object_id": "1", "object_repr": "Kaizers Orchestra", "action_flag": 2, "change_message": "[{\"changed\": {\"fields\": [\"godkjent\"]}}]"}}, {"model": "admin.logentry", "pk": 5, "fields": {"action_time": "2017-09-28T09:39:18.394Z", "user": 1, "content_type": 3, "object_id": "1", "object_repr": "arrangoer", "action_flag": 1, "change_message": "[{\"added\": {}}]"}}, {"model": "admin.logentry", "pk": 6, "fields": {"action_time": "2017-09-28T09:39:46.895Z", "user": 1, "content_type": 3, "object_id": "2", "object_repr": "teknikker", "action_flag": 1, "change_message": "[{\"added\": {}}]"}}, {"model": "admin.logentry", "pk": 7, "fields": {"action_time": "2017-09-28T09:40:17.368Z", "user": 1, "content_type": 4, "object_id": "2", "object_repr": "Trym", "action_flag": 1, "change_message": "[{\"added\": {}}]"}}, {"model": "admin.logentry", "pk": 8, "fields": {"action_time": "2017-09-28T09:41:09.385Z", "user": 1, "content_type": 4, "object_id": "2", "object_repr": "Trym", "action_flag": 2, "change_message": "[{\"changed\": {\"fields\": [\"groups\"]}}]"}}, {"model": "admin.logentry", "pk": 9, "fields": {"action_time": "2017-10-03T07:09:20.846Z", "user": 1, "content_type": 9, "object_id": "1", "object_repr": "Kaizers", "action_flag": 1, "change_message": "[{\"added\": {}}]"}}, {"model": "admin.logentry", "pk": 10, "fields": {"action_time": "2017-10-03T07:28:38.168Z", "user": 1, "content_type": 9, "object_id": "2", "object_repr": "metallica", "action_flag": 1, "change_message": "[{\"added\": {}}]"}}, {"model": "admin.logentry", "pk": 11, "fields": {"action_time": "2017-10-03T08:13:55.946Z", "user": 1, "content_type": 3, "object_id": "3", "object_repr": "bookingansvarlig", "action_flag": 1, "change_message": "[{\"added\": {}}]"}}, {"model": "admin.logentry", "pk": 12, "fields": {"action_time": "2017-10-03T08:16:07.306Z", "user": 1, "content_type": 4, "object_id": "3", "object_repr": "Tore", "action_flag": 1, "change_message": "[{\"added\": {}}]"}}, {"model": "admin.logentry", "pk": 13, "fields": {"action_time": "2017-10-03T08:16:20.181Z", "user": 1, "content_type": 4, "object_id": "3", "object_repr": "Tore", "action_flag": 2, "change_message": "[]"}}, {"model": "admin.logentry", "pk": 14, "fields": {"action_time": "2017-10-03T08:16:39.123Z", "user": 1, "content_type": 4, "object_id": "4", "object_repr": "Julie", "action_flag": 1, "change_message": "[{\"added\": {}}]"}}, {"model": "admin.logentry", "pk": 15, "fields": {"action_time": "2017-10-03T08:16:53.872Z", "user": 1, "content_type": 4, "object_id": "4", "object_repr": "Julie", "action_flag": 2, "change_message": "[]"}}, {"model": "admin.logentry", "pk": 16, "fields": {"action_time": "2017-10-03T08:17:09.113Z", "user": 1, "content_type": 4, "object_id": "4", "object_repr": "Julie", "action_flag": 2, "change_message": "[{\"changed\": {\"fields\": [\"groups\"]}}]"}}, {"model": "admin.logentry", "pk": 17, "fields": {"action_time": "2017-10-03T08:17:16.830Z", "user": 1, "content_type": 4, "object_id": "3", "object_repr": "Tore", "action_flag": 2, "change_message": "[{\"changed\": {\"fields\": [\"groups\"]}}]"}}, {"model": "admin.logentry", "pk": 18, "fields": {"action_time": "2017-10-03T08:17:24.538Z", "user": 1, "content_type": 4, "object_id": "4", "object_repr": "Julie", "action_flag": 2, "change_message": "[]"}}, {"model": "admin.logentry", "pk": 19, "fields": {"action_time": "2017-10-03T08:17:29.533Z", "user": 1, "content_type": 4, "object_id": "3", "object_repr": "Tore", "action_flag": 2, "change_message": "[]"}}, {"model": "admin.logentry", "pk": 20, "fields": {"action_time": "2017-10-03T08:19:56.604Z", "user": 1, "content_type": 4, "object_id": "5", "object_repr": "Masha", "action_flag": 1, "change_message": "[{\"added\": {}}]"}}, {"model": "admin.logentry", "pk": 21, "fields": {"action_time": "2017-10-03T08:20:08.674Z", "user": 1, "content_type": 4, "object_id": "5", "object_repr": "Masha", "action_flag": 2, "change_message": "[{\"changed\": {\"fields\": [\"groups\"]}}]"}}, {"model": "admin.logentry", "pk": 22, "fields": {"action_time": "2017-10-04T09:09:04.732Z", "user": 1, "content_type": 4, "object_id": "1", "object_repr": "johannes", "action_flag": 2, "change_message": "[{\"changed\": {\"fields\": [\"groups\"]}}]"}}, {"model": "admin.logentry", "pk": 23, "fields": {"action_time": "2017-10-04T10:12:55.219Z", "user": 1, "content_type": 4, "object_id": "6", "object_repr": "mrarrangoer", "action_flag": 1, "change_message": "[{\"added\": {}}]"}}, {"model": "admin.logentry", "pk": 24, "fields": {"action_time": "2017-10-04T10:13:31.449Z", "user": 1, "content_type": 4, "object_id": "6", "object_repr": "mrarrangoer", "action_flag": 2, "change_message": "[{\"changed\": {\"fields\": [\"groups\"]}}]"}}, {"model": "admin.logentry", "pk": 25, "fields": {"action_time": "2017-10-04T14:04:45.090Z", "user": 1, "content_type": 9, "object_id": "2", "object_repr": "metallica", "action_flag": 2, "change_message": "[{\"changed\": {\"fields\": [\"band\"]}}]"}}, {"model": "admin.logentry", "pk": 26, "fields": {"action_time": "2017-10-04T14:04:53.588Z", "user": 1, "content_type": 9, "object_id": "1", "object_repr": "Kaizers", "action_flag": 2, "change_message": "[{\"changed\": {\"fields\": [\"band\"]}}]"}}, {"model": "admin.logentry", "pk": 27, "fields": {"action_time": "2017-10-04T14:06:38.415Z", "user": 1, "content_type": 7, "object_id": "2", "object_repr": "Dream Theater", "action_flag": 2, "change_message": "[]"}}, {"model": "admin.logentry", "pk": 28, "fields": {"action_time": "2017-10-04T14:08:23.495Z", "user": 1, "content_type": 9, "object_id": "3", "object_repr": "UKA-Dream Theater", "action_flag": 1, "change_message": "[{\"added\": {}}]"}}, {"model": "admin.logentry", "pk": 29, "fields": {"action_time": "2017-10-11T18:56:34.693Z", "user": 1, "content_type": 4, "object_id": "4", "object_repr": "Julie", "action_flag": 3, "change_message": ""}}, {"model": "admin.logentry", "pk": 30, "fields": {"action_time": "2017-10-11T18:56:34.836Z", "user": 1, "content_type": 4, "object_id": "5", "object_repr": "Masha", "action_flag": 3, "change_message": ""}}, {"model": "admin.logentry", "pk": 31, "fields": {"action_time": "2017-10-11T18:56:34.969Z", "user": 1, "content_type": 4, "object_id": "3", "object_repr": "Tore", "action_flag": 3, "change_message": ""}}, {"model": "admin.logentry", "pk": 32, "fields": {"action_time": "2017-10-11T18:56:35.092Z", "user": 1, "content_type": 4, "object_id": "2", "object_repr": "Trym", "action_flag": 3, "change_message": ""}}, {"model": "admin.logentry", "pk": 33, "fields": {"action_time": "2017-10-11T18:56:47.877Z", "user": 1, "content_type": 3, "object_id": "4", "object_repr": "bookingsjef", "action_flag": 1, "change_message": "[{\"added\": {}}]"}}, {"model": "admin.logentry", "pk": 34, "fields": {"action_time": "2017-10-11T18:56:55.898Z", "user": 1, "content_type": 3, "object_id": "5", "object_repr": "manager", "action_flag": 1, "change_message": "[{\"added\": {}}]"}}, {"model": "admin.logentry", "pk": 35, "fields": {"action_time": "2017-10-11T18:57:12.738Z", "user": 1, "content_type": 4, "object_id": "7", "object_repr": "mrmanager", "action_flag": 1, "change_message": "[{\"added\": {}}]"}}, {"model": "admin.logentry", "pk": 36, "fields": {"action_time": "2017-10-11T18:57:22.030Z", "user": 1, "content_type": 4, "object_id": "7", "object_repr": "mrmanager", "action_flag": 2, "change_message": "[{\"changed\": {\"fields\": [\"groups\"]}}]"}}, {"model": "admin.logentry", "pk": 37, "fields": {"action_time": "2017-10-11T18:57:37.049Z", "user": 1, "content_type": 4, "object_id": "8", "object_repr": "mrtekniker", "action_flag": 1, "change_message": "[{\"added\": {}}]"}}, {"model": "admin.logentry", "pk": 38, "fields": {"action_time": "2017-10-11T18:57:43.261Z", "user": 1, "content_type": 4, "object_id": "8", "object_repr": "mrtekniker", "action_flag": 2, "change_message": "[{\"changed\": {\"fields\": [\"groups\"]}}]"}}, {"model": "admin.logentry", "pk": 39, "fields": {"action_time": "2017-10-11T18:57:54.595Z", "user": 1, "content_type": 4, "object_id": "9", "object_repr": "mrbookingsjef", "action_flag": 1, "change_message": "[{\"added\": {}}]"}}, {"model": "admin.logentry", "pk": 40, "fields": {"action_time": "2017-10-11T18:57:59.259Z", "user": 1, "content_type": 4, "object_id": "9", "object_repr": "mrbookingsjef", "action_flag": 2, "change_message": "[{\"changed\": {\"fields\": [\"groups\"]}}]"}}, {"model": "admin.logentry", "pk": 41, "fields": {"action_time": "2017-10-11T18:58:45.528Z", "user": 1, "content_type": 4, "object_id": "10", "object_repr": "mrbookingansvarlig", "action_flag": 1, "change_message": "[{\"added\": {}}]"}}, {"model": "admin.logentry", "pk": 42, "fields": {"action_time": "2017-10-11T18:58:55.884Z", "user": 1, "content_type": 4, "object_id": "10", "object_repr": "mrbookingansvarlig", "action_flag": 2, "change_message": "[{\"changed\": {\"fields\": [\"groups\"]}}]"}}, {"model": "admin.logentry", "pk": 43, "fields": {"action_time": "2017-10-11T19:00:21.183Z", "user": 1, "content_type": 7, "object_id": "3", "object_repr": "Rage Against The Machine", "action_flag": 1, "change_message": "[{\"added\": {}}]"}}, {"model": "admin.logentry", "pk": 44, "fields": {"action_time": "2017-10-11T19:03:23.139Z", "user": 1, "content_type": 7, "object_id": "4", "object_repr": "Kjartan Lauritzen", "action_flag": 1, "change_message": "[{\"added\": {}}]"}}, {"model": "admin.logentry", "pk": 45, "fields": {"action_time": "2017-10-11T19:08:13.658Z", "user": 1, "content_type": 7, "object_id": "5", "object_repr": "Otto Knows", "action_flag": 1, "change_message": "[{\"added\": {}}]"}}, {"model": "admin.logentry", "pk": 46, "fields": {"action_time": "2017-10-11T19:09:55.247Z", "user": 1, "content_type": 7, "object_id": "6", "object_repr": "The Seatbelts", "action_flag": 1, "change_message": "[{\"added\": {}}]"}}, {"model": "admin.logentry", "pk": 47, "fields": {"action_time": "2017-10-11T19:10:42.982Z", "user": 1, "content_type": 7, "object_id": "7", "object_repr": "M83", "action_flag": 1, "change_message": "[{\"added\": {}}]"}}, {"model": "admin.logentry", "pk": 48, "fields": {"action_time": "2017-10-11T19:11:34.799Z", "user": 1, "content_type": 7, "object_id": "8", "object_repr": "Alestorm", "action_flag": 1, "change_message": "[{\"added\": {}}]"}}, {"model": "admin.logentry", "pk": 49, "fields": {"action_time": "2017-10-11T19:12:06.695Z", "user": 1, "content_type": 7, "object_id": "9", "object_repr": "Shakira", "action_flag": 1, "change_message": "[{\"added\": {}}]"}}, {"model": "admin.logentry", "pk": 50, "fields": {"action_time": "2017-10-11T19:12:25.991Z", "user": 1, "content_type": 9, "object_id": "2", "object_repr": "metallica", "action_flag": 3, "change_message": ""}}, {"model": "admin.logentry", "pk": 51, "fields": {"action_time": "2017-10-11T19:12:26.127Z", "user": 1, "content_type": 9, "object_id": "1", "object_repr": "Kaizers", "action_flag": 3, "change_message": ""}}, {"model": "admin.logentry", "pk": 52, "fields": {"action_time": "2017-10-11T19:13:42.547Z", "user": 1, "content_type": 9, "object_id": "4", "object_repr": "UKA-Shakira", "action_flag": 1, "change_message": "[{\"added\": {}}]"}}, {"model": "admin.logentry", "pk": 53, "fields": {"action_time": "2017-10-11T19:14:25.933Z", "user": 1, "content_type": 7, "object_id": "10", "object_repr": "Metallica", "action_flag": 1, "change_message": "[{\"added\": {}}]"}}, {"model": "admin.logentry", "pk": 54, "fields": {"action_time": "2017-10-11T19:15:18.502Z", "user": 1, "content_type": 9, "object_id": "5", "object_repr": "UKA-Metallica & Alestorm", "action_flag": 1, "change_message": "[{\"added\": {}}]"}}, {"model": "admin.logentry", "pk": 55, "fields": {"action_time": "2017-10-11T19:30:58.788Z", "user": 1, "content_type": 9, "object_id": "4", "object_repr": "UKA-Shakira", "action_flag": 2, "change_message": "[{\"changed\": {\"fields\": [\"scene\"]}}]"}}, {"model": "admin.logentry", "pk": 56, "fields": {"action_time": "2017-10-11T19:32:27.166Z", "user": 1, "content_type": 9, "object_id": "6", "object_repr": "UKA-M83", "action_flag": 1, "change_message": "[{\"added\": {}}]"}}, {"model": "admin.logentry", "pk": 57, "fields": {"action_time": "2017-10-11T19:33:02.790Z", "user": 1, "content_type": 9, "object_id": "6", "object_repr": "UKA-M83", "action_flag": 2, "change_message": "[{\"changed\": {\"fields\": [\"dato\"]}}]"}}, {"model": "admin.logentry", "pk": 58, "fields": {"action_time": "2017-10-11T19:37:39.378Z", "user": 1, "content_type": 9, "object_id": "7", "object_repr": "UKA-Kjartan Lauritzen", "action_flag": 1, "change_message": "[{\"added\": {}}]"}}, {"model": "admin.logentry", "pk": 59, "fields": {"action_time": "2017-10-11T19:38:36.451Z", "user": 1, "content_type": 9, "object_id": "8", "object_repr": "UKa-Alternativt", "action_flag": 1, "change_message": "[{\"added\": {}}]"}}, {"model": "admin.logentry", "pk": 60, "fields": {"action_time": "2017-10-11T19:38:45.276Z", "user": 1, "content_type": 9, "object_id": "3", "object_repr": "UKA-Dream Theater", "action_flag": 2, "change_message": "[{\"changed\": {\"fields\": [\"dato\", \"festival\"]}}]"}}, {"model": "admin.logentry", "pk": 61, "fields": {"action_time": "2017-10-11T19:38:51.561Z", "user": 1, "content_type": 9, "object_id": "5", "object_repr": "UKA-Metallica & Alestorm", "action_flag": 2, "change_message": "[{\"changed\": {\"fields\": [\"festival\"]}}]"}}, {"model": "admin.logentry", "pk": 62, "fields": {"action_time": "2017-10-11T19:39:05.543Z", "user": 1, "content_type": 9, "object_id": "6", "object_repr": "UKA-M83", "action_flag": 2, "change_message": "[{\"changed\": {\"fields\": [\"festival\"]}}]"}}, {"model": "admin.logentry", "pk": 63, "fields": {"action_time": "2017-10-11T19:44:45.099Z", "user": 1, "content_type": 4, "object_id": "11", "object_repr": "mrtekniker2", "action_flag": 1, "change_message": "[{\"added\": {}}]"}}, {"model": "admin.logentry", "pk": 64, "fields": {"action_time": "2017-10-11T19:44:51.291Z", "user": 1, "content_type": 4, "object_id": "11", "object_repr": "mrtekniker2", "action_flag": 2, "change_message": "[{\"changed\": {\"fields\": [\"groups\"]}}]"}}, {"model": "admin.logentry", "pk": 65, "fields": {"action_time": "2017-10-11T20:25:29.282Z", "user": 1, "content_type": 9, "object_id": "8", "object_repr": "UKA-Alternativt", "action_flag": 2, "change_message": "[{\"changed\": {\"fields\": [\"konsert\"]}}]"}}, {"model": "admin.logentry", "pk": 66, "fields": {"action_time": "2017-10-11T20:30:34.549Z", "user": 1, "content_type": 9, "object_id": "8", "object_repr": "UKA-Alternativt", "action_flag": 2, "change_message": "[{\"changed\": {\"fields\": [\"band\"]}}]"}}, {"model": "admin.logentry", "pk": 67, "fields": {"action_time": "2017-10-11T20:31:42.325Z", "user": 1, "content_type": 9, "object_id": "8", "object_repr": "UKA-Alternativt", "action_flag": 3, "change_message": ""}}, {"model": "admin.logentry", "pk": 68, "fields": {"action_time": "2017-10-11T20:35:49.551Z", "user": 1, "content_type": 9, "object_id": "9", "object_repr": "UKA-Otto Knows", "action_flag": 1, "change_message": "[{\"added\": {}}]"}}, {"model": "admin.logentry", "pk": 69, "fields": {"action_time": "2017-10-11T20:36:30.818Z", "user": 1, "content_type": 9, "object_id": "10", "object_repr": "UKA-The Seatbelts", "action_flag": 1, "change_message": "[{\"added\": {}}]"}}, {"model": "admin.logentry", "pk": 70, "fields": {"action_time": "2017-10-11T20:57:04.421Z", "user": 1, "content_type": 9, "object_id": "3", "object_repr": "UKA-Dream Theater", "action_flag": 2, "change_message": "[{\"changed\": {\"fields\": [\"publikumsantall\"]}}]"}}, {"model": "admin.logentry", "pk": 71, "fields": {"action_time": "2017-10-19T10:20:16.444Z", "user": 2, "content_type": 3, "object_id": "2", "object_repr": "tekniker", "action_flag": 2, "change_message": "[{\"changed\": {\"fields\": [\"name\"]}}]"}}, {"model": "admin.logentry", "pk": 72, "fields": {"action_time": "2017-10-24T14:29:40.235Z", "user": 1, "content_type": 4, "object_id": "12", "object_repr": "mrmanager2", "action_flag": 1, "change_message": "[{\"added\": {}}]"}}, {"model": "admin.logentry", "pk": 73, "fields": {"action_time": "2017-10-24T14:29:57.462Z", "user": 1, "content_type": 4, "object_id": "12", "object_repr": "mrmanager2", "action_flag": 2, "change_message": "[{\"changed\": {\"fields\": [\"groups\"]}}]"}}, {"model": "admin.logentry", "pk": 74, "fields": {"action_time": "2017-10-24T14:34:43.181Z", "user": 1, "content_type": 14, "object_id": "15", "object_repr": "micstativ", "action_flag": 2, "change_message": "[{\"changed\": {\"fields\": [\"band\"]}}]"}}, {"model": "admin.logentry", "pk": 75, "fields": {"action_time": "2017-10-24T14:36:54.109Z", "user": 1, "content_type": 7, "object_id": "2", "object_repr": "Dream Theater", "action_flag": 2, "change_message": "[{\"changed\": {\"fields\": [\"manager\", \"previous_concerts\"]}}]"}}, {"model": "admin.logentry", "pk": 76, "fields": {"action_time": "2017-10-24T14:37:06.064Z", "user": 1, "content_type": 7, "object_id": "1", "object_repr": "Kaizers Orchestra", "action_flag": 2, "change_message": "[{\"changed\": {\"fields\": [\"manager\", \"previous_concerts\"]}}]"}}, {"model": "admin.logentry", "pk": 77, "fields": {"action_time": "2017-10-24T14:42:25.543Z", "user": 1, "content_type": 7, "object_id": "3", "object_repr": "Rage Against The Machine", "action_flag": 2, "change_message": "[{\"changed\": {\"fields\": [\"previous_concerts\"]}}]"}}, {"model": "admin.logentry", "pk": 78, "fields": {"action_time": "2017-10-24T15:36:18.987Z", "user": 1, "content_type": 7, "object_id": "9", "object_repr": "Shakira", "action_flag": 2, "change_message": "[{\"changed\": {\"fields\": [\"manager\", \"previous_concerts\"]}}]"}}, {"model": "admin.logentry", "pk": 79, "fields": {"action_time": "2017-10-24T15:37:12.005Z", "user": 1, "content_type": 7, "object_id": "10", "object_repr": "Metallica", "action_flag": 2, "change_message": "[{\"changed\": {\"fields\": [\"manager\", \"previous_concerts\"]}}]"}}, {"model": "admin.logentry", "pk": 80, "fields": {"action_time": "2017-10-24T15:37:20.002Z", "user": 1, "content_type": 7, "object_id": "3", "object_repr": "Rage Against The Machine", "action_flag": 2, "change_message": "[{\"changed\": {\"fields\": [\"manager\"]}}]"}}, {"model": "admin.logentry", "pk": 81, "fields": {"action_time": "2017-10-24T15:37:29.684Z", "user": 1, "content_type": 7, "object_id": "7", "object_repr": "M83", "action_flag": 2, "change_message": "[{\"changed\": {\"fields\": [\"manager\", \"previous_concerts\"]}}]"}}]