[{"model": "auth.group", "pk": 1, "fields": {"name": "arrangoer", "permissions": []}}, {"model": "auth.group", "pk": 2, "fields": {"name": "bookingansvarlig", "permissions": []}}, {"model": "auth.group", "pk": 3, "fields": {"name": "bookingsjef", "permissions": []}}, {"model": "auth.group", "pk": 4, "fields": {"name": "manager", "permissions": []}}, {"model": "auth.group", "pk": 5, "fields": {"name": "tekniker", "permissions": []}}, {"model": "auth.group", "pk": 6, "fields": {"name": "tekniker2", "permissions": []}}, {"model": "auth.group", "pk": 7, "fields": {"name": "PR_ansvarlig", "permissions": []}}, {"model": "auth.user", "pk": 1, "fields": {"password": "pbkdf2_sha256$36000$3eo60YrOh1Xu$1E65iW0ow4+jGLzh41t6j1HP6f3Zdi03WnWFEQgG0gU=", "last_login": "2017-11-15T16:20:37.405Z", "is_superuser": true, "username": "johannes", "first_name": "", "last_name": "", "email": "", "is_staff": true, "is_active": true, "date_joined": "2017-11-15T09:51:44Z", "groups": [1, 2, 3, 4, 5, 6, 7], "user_permissions": []}}, {"model": "auth.user", "pk": 2, "fields": {"password": "pbkdf2_sha256$36000$rYNy7Xq8S2k9$9Jt8iYDln9Zzum752iu+RXIvMUzK72yK6KcRJUuVgCE=", "last_login": "2017-11-15T09:55:00Z", "is_superuser": false, "username": "mrarrangoer", "first_name": "", "last_name": "", "email": "", "is_staff": false, "is_active": true, "date_joined": "2017-11-15T09:52:20Z", "groups": [1], "user_permissions": []}}, {"model": "auth.user", "pk": 3, "fields": {"password": "pbkdf2_sha256$36000$8F50tWwcHUuw$ZfdVigFCpkeGnIY8K9XVowX8Z/vfEl20eHgn//6ZUz4=", "last_login": null, "is_superuser": false, "username": "mrbookingansvarlig", "first_name": "", "last_name": "", "email": "", "is_staff": false, "is_active": true, "date_joined": "2017-11-15T09:52:32Z", "groups": [2], "user_permissions": []}}, {"model": "auth.user", "pk": 4, "fields": {"password": "pbkdf2_sha256$36000$Rz0xGcBgSbvY$XB4bCT0tRvPXQcbmYZUSzzOsXyenCvT99uNxDk3oM/I=", "last_login": null, "is_superuser": false, "username": "mrbookingsjef", "first_name": "", "last_name": "", "email": "", "is_staff": false, "is_active": true, "date_joined": "2017-11-15T09:52:44Z", "groups": [3], "user_permissions": []}}, {"model": "auth.user", "pk": 5, "fields": {"password": "pbkdf2_sha256$36000$yyFI002JoTd1$hsbdBD7HP5vD6HELbVL63EqzSIzKAoFQIuqCYkuV4p0=", "last_login": null, "is_superuser": false, "username": "mrmanager", "first_name": "", "last_name": "", "email": "", "is_staff": false, "is_active": true, "date_joined": "2017-11-15T09:53:04Z", "groups": [4], "user_permissions": []}}, {"model": "auth.user", "pk": 6, "fields": {"password": "pbkdf2_sha256$36000$GMfuN04YA3Gk$Rs1iuL0tSPEO2ni60rzCBLmOysU54bRb6iqKqB9vBhs=", "last_login": null, "is_superuser": false, "username": "mrtekniker", "first_name": "", "last_name": "", "email": "", "is_staff": false, "is_active": true, "date_joined": "2017-11-15T09:53:11Z", "groups": [5], "user_permissions": []}}, {"model": "auth.user", "pk": 7, "fields": {"password": "pbkdf2_sha256$36000$Rww0UnOoN1Zg$1s3oGy6oIsy815uKAquMJtrvOEdgFxKtISBwVCqxPBs=", "last_login": null, "is_superuser": false, "username": "mrtekniker2", "first_name": "", "last_name": "", "email": "", "is_staff": false, "is_active": true, "date_joined": "2017-11-15T09:53:17Z", "groups": [6], "user_permissions": []}}, {"model": "auth.user", "pk": 8, "fields": {"password": "pbkdf2_sha256$36000$tAd9ag0T3mwd$LA8zDyrXDgDDcl1hjpOVsiPYSGQGMHYWWt+1U71UgPA=", "last_login": null, "is_superuser": false, "username": "mrpr", "first_name": "", "last_name": "", "email": "", "is_staff": false, "is_active": true, "date_joined": "2017-11-15T09:53:27Z", "groups": [7], "user_permissions": []}}, {"model": "auth.user", "pk": 9, "fields": {"password": "pbkdf2_sha256$36000$bRpWrZgWjIDP$iBAT9M4biqexunmBnJvzAis/cQApnjrzd4kpcBWw/HQ=", "last_login": null, "is_superuser": false, "username": "tore", "first_name": "", "last_name": "", "email": "", "is_staff": false, "is_active": true, "date_joined": "2017-11-15T12:48:38.476Z", "groups": [], "user_permissions": []}}, {"model": "sessions.session", "pk": "jee7exug3q3hoevomx49ni1k2i0nqj15", "fields": {"session_data": "OTNhYTcyMGY3NmExMDc4YjM5NjgzZGFiZTU4MmFmNGM1MzJiNWY1Yzp7Il9hdXRoX3VzZXJfaWQiOiIxIiwiX2F1dGhfdXNlcl9iYWNrZW5kIjoiZGphbmdvLmNvbnRyaWIuYXV0aC5iYWNrZW5kcy5Nb2RlbEJhY2tlbmQiLCJfYXV0aF91c2VyX2hhc2giOiJjOGFjODI0ZDQ3NDllMWMxNDExNjZiZDE5Njg1ZjUzNWFjMjgwNTIzIn0=", "expire_date": "2017-11-29T16:20:37.422Z"}}, {"model": "sessions.session", "pk": "xifh6giuizpg0fgoennep3nt0rveyssh", "fields": {"session_data": "NDRmZWVlZjE2ZGM5YTliMDM0OTI2MjA2YmJmYjQwZmIzODAzNjI5NDp7Il9hdXRoX3VzZXJfaGFzaCI6ImM4YWM4MjRkNDc0OWUxYzE0MTE2NmJkMTk2ODVmNTM1YWMyODA1MjMiLCJfYXV0aF91c2VyX2JhY2tlbmQiOiJkamFuZ28uY29udHJpYi5hdXRoLmJhY2tlbmRzLk1vZGVsQmFja2VuZCIsIl9hdXRoX3VzZXJfaWQiOiIxIn0=", "expire_date": "2017-11-29T09:55:21.278Z"}}, {"model": "webapp.band", "pk": 1, "fields": {"navn": "Nick Cave & The Bad Seeds", "kostnad": 6485, "manager": 5, "utstyr": "Mikrofon, Tambatrommer, R\u00f8ykmaskin", "sjanger": "Alternativ", "info": "Bra band", "rating": 48, "albums_sold": 27757, "previous_concerts": "Oslo, 08.2017", "kontakt_info": "22225555"}}, {"model": "webapp.band", "pk": 2, "fields": {"navn": "Team \u00c5re", "kostnad": 220, "manager": 5, "utstyr": "DJ-board", "sjanger": "EDM", "info": "Alles kjente DJ-gruppe, sv\u00e6rt kjent blant Onlinere", "rating": 80, "albums_sold": 100, "previous_concerts": "Ingen", "kontakt_info": "73596489"}}, {"model": "webapp.band", "pk": 3, "fields": {"navn": "Metallica", "kostnad": 1234, "manager": 5, "utstyr": "Gitar, Trommesett, Mikrofon, Bass", "sjanger": "Metal", "info": "Sv\u00e6rt kjent", "rating": 100, "albums_sold": 123141, "previous_concerts": "I v\u00e5rt system: Ingen.\r\nI verden: Overalt", "kontakt_info": "471930413"}}, {"model": "webapp.band", "pk": 4, "fields": {"navn": "Dream Theater", "kostnad": 1234, "manager": 5, "utstyr": "Amp, Monitor, Mikrofon, Gitar, Bass", "sjanger": "Progressiv Metal", "info": "Alternativ musikk, gode fans.", "rating": 56, "albums_sold": 12384, "previous_concerts": "I v\u00e5rt system: Ingen", "kontakt_info": "4845464121"}}, {"model": "webapp.band", "pk": 5, "fields": {"navn": "Shakira", "kostnad": 87687, "manager": 5, "utstyr": "Mikrofon, Sambatrommer", "sjanger": "Pop", "info": "(y)", "rating": 100, "albums_sold": 77777, "previous_concerts": "Ingen", "kontakt_info": "88887776"}}, {"model": "webapp.band", "pk": 6, "fields": {"navn": "M83", "kostnad": 66676, "manager": 5, "utstyr": "Mikrofon", "sjanger": "Electronica", "info": "Mindre kjent", "rating": 90, "albums_sold": 999999, "previous_concerts": "Ingen", "kontakt_info": "63492342"}}, {"model": "webapp.band", "pk": 7, "fields": {"navn": "Kjartan Lauritzen", "kostnad": 2000, "manager": 5, "utstyr": "Mikrofon", "sjanger": "Rap", "info": "Norsk", "rating": 33, "albums_sold": 1000, "previous_concerts": "Ingen", "kontakt_info": "11223344"}}, {"model": "webapp.band", "pk": 8, "fields": {"navn": "Otto Knows", "kostnad": 7777, "manager": 5, "utstyr": "DJ-rig", "sjanger": "House", "info": "ok", "rating": 100, "albums_sold": 667788, "previous_concerts": "Ingen", "kontakt_info": "55455455"}}, {"model": "webapp.band", "pk": 9, "fields": {"navn": "Alestorm", "kostnad": 687, "manager": 5, "utstyr": "Gitar, Bass, Trommesett, Mikrofon x2, Synth", "sjanger": "Piratmetal", "info": "Sweet", "rating": 66, "albums_sold": 732348, "previous_concerts": "Ingen", "kontakt_info": "22225556"}}, {"model": "webapp.band", "pk": 10, "fields": {"navn": "The Seatbelts", "kostnad": 8234, "manager": 5, "utstyr": "Sambatrommer, Kondensatormikrofon x3", "sjanger": "Jazz", "info": "Mindre kjent", "rating": 49, "albums_sold": 1234161, "previous_concerts": "Ingen", "kontakt_info": "66666664"}}, {"model": "webapp.konserter", "pk": 1, "fields": {"scene": 1, "konsert": "UKA-Kjartan Lauritzen", "dato": "2019-09-11T09:23:58Z", "festival": "UKA19", "publikumsantall": 6000, "solgtebilletter": 0, "billettpris": 500, "teknikere": [6], "band": [7]}}, {"model": "webapp.konserter", "pk": 2, "fields": {"scene": 2, "konsert": "UKA-Shakira", "dato": "2019-10-17T11:18:57Z", "festival": "UKA19", "publikumsantall": 6000, "solgtebilletter": 0, "billettpris": 500, "teknikere": [1, 6], "band": [5]}}, {"model": "webapp.konserter", "pk": 4, "fields": {"scene": 1, "konsert": "UKA-Metallica & Alestorm", "dato": "2019-10-17T11:19:56Z", "festival": "UKA19", "publikumsantall": 6000, "solgtebilletter": 0, "billettpris": 500, "teknikere": [6, 7], "band": [3, 9]}}, {"model": "webapp.konserter", "pk": 5, "fields": {"scene": 2, "konsert": "UKA-M83", "dato": "2019-10-09T11:25:30Z", "festival": "UKA19", "publikumsantall": 2000, "solgtebilletter": 0, "billettpris": 300, "teknikere": [6, 7], "band": [6]}}, {"model": "webapp.konserter", "pk": 6, "fields": {"scene": 3, "konsert": "UKA-Dream Theater", "dato": "2019-10-11T11:41:32Z", "festival": "UKA19", "publikumsantall": 200, "solgtebilletter": 0, "billettpris": 700, "teknikere": [1, 9], "band": [4]}}, {"model": "webapp.konserter", "pk": 7, "fields": {"scene": 5, "konsert": "UKA-The Seatbelts", "dato": "2017-10-11T11:43:44Z", "festival": "UKA17", "publikumsantall": 1337, "solgtebilletter": 0, "billettpris": 250, "teknikere": [9], "band": [10]}}, {"model": "webapp.konserter", "pk": 8, "fields": {"scene": 4, "konsert": "UKA-Otto Knows", "dato": "2017-10-11T11:45:58Z", "festival": "UKA17", "publikumsantall": 1000, "solgtebilletter": 0, "billettpris": 100, "teknikere": [9], "band": [8]}}, {"model": "webapp.backline", "pk": 1, "fields": {"band": 1, "backline": "Mikrofon"}}, {"model": "webapp.backline", "pk": 2, "fields": {"band": 5, "backline": "Trommer"}}, {"model": "webapp.backline", "pk": 3, "fields": {"band": 9, "backline": "Gitar"}}, {"model": "webapp.backline", "pk": 4, "fields": {"band": 9, "backline": "Piano"}}, {"model": "webapp.tekniske_behov", "pk": 1, "fields": {"band": 3, "backline": 1, "behov": "Mikrofon", "opplastet": "2017-11-15T13:44:42.084Z"}}, {"model": "webapp.tekniske_behov", "pk": 2, "fields": {"band": 7, "backline": 1, "behov": "Mikrofon", "opplastet": "2017-11-15T15:42:09.434Z"}}, {"model": "webapp.tekniske_behov", "pk": 3, "fields": {"band": 5, "backline": 1, "behov": "Mikrofon", "opplastet": "2017-11-15T15:43:23.798Z"}}, {"model": "webapp.tekniske_behov", "pk": 4, "fields": {"band": 5, "backline": 2, "behov": "Sambatrommer", "opplastet": "2017-11-15T15:43:45.669Z"}}, {"model": "webapp.tekniske_behov", "pk": 5, "fields": {"band": 9, "backline": 3, "behov": "Gitar", "opplastet": "2017-11-15T15:45:48.917Z"}}, {"model": "webapp.tekniske_behov", "pk": 6, "fields": {"band": 9, "backline": 3, "behov": "Bass", "opplastet": "2017-11-15T15:46:04.807Z"}}, {"model": "webapp.tekniske_behov", "pk": 7, "fields": {"band": 9, "backline": 2, "behov": "Trommesett", "opplastet": "2017-11-15T15:46:26.813Z"}}, {"model": "webapp.tekniske_behov", "pk": 8, "fields": {"band": 9, "backline": 4, "behov": "Synth", "opplastet": "2017-11-15T15:47:52.676Z"}}, {"model": "webapp.tekniske_behov", "pk": 9, "fields": {"band": 9, "backline": 1, "behov": "Mikrofon", "opplastet": "2017-11-15T15:48:21.884Z"}}, {"model": "webapp.tekniske_behov", "pk": 10, "fields": {"band": 6, "backline": 1, "behov": "Mikrofon", "opplastet": "2017-11-15T15:52:05.584Z"}}, {"model": "webapp.tekniske_behov", "pk": 11, "fields": {"band": 3, "backline": 3, "behov": "Gitar", "opplastet": "2017-11-15T15:54:03.653Z"}}, {"model": "webapp.tekniske_behov", "pk": 12, "fields": {"band": 3, "backline": 2, "behov": "Trommesett", "opplastet": "2017-11-15T15:55:40.126Z"}}, {"model": "webapp.tekniske_behov", "pk": 13, "fields": {"band": 3, "backline": 3, "behov": "Bass", "opplastet": "2017-11-15T15:55:59.571Z"}}, {"model": "webapp.scener", "pk": 1, "fields": {"navn": "D\u00f8dens Dal", "storrelse": 6000, "kostnad": 60000}}, {"model": "webapp.scener", "pk": 2, "fields": {"navn": "Storsalen", "storrelse": 1500, "kostnad": 4000}}, {"model": "webapp.scener", "pk": 3, "fields": {"navn": "Knaus", "storrelse": 150, "kostnad": 10000}}, {"model": "webapp.scener", "pk": 4, "fields": {"navn": "Bodegaen", "storrelse": 100, "kostnad": 500}}, {"model": "webapp.scener", "pk": 5, "fields": {"navn": "Edgar", "storrelse": 100, "kostnad": 1000}}, {"model": "admin.logentry", "pk": 1, "fields": {"action_time": "2017-11-15T09:52:20.947Z", "user": 1, "content_type": 3, "object_id": "2", "object_repr": "mrarrangoer", "action_flag": 1, "change_message": "[{\"added\": {}}]"}}, {"model": "admin.logentry", "pk": 2, "fields": {"action_time": "2017-11-15T09:52:32.992Z", "user": 1, "content_type": 3, "object_id": "3", "object_repr": "mrbookingansvarlig", "action_flag": 1, "change_message": "[{\"added\": {}}]"}}, {"model": "admin.logentry", "pk": 3, "fields": {"action_time": "2017-11-15T09:52:44.970Z", "user": 1, "content_type": 3, "object_id": "4", "object_repr": "mrbookingsjef", "action_flag": 1, "change_message": "[{\"added\": {}}]"}}, {"model": "admin.logentry", "pk": 4, "fields": {"action_time": "2017-11-15T09:53:04.966Z", "user": 1, "content_type": 3, "object_id": "5", "object_repr": "mrmanager", "action_flag": 1, "change_message": "[{\"added\": {}}]"}}, {"model": "admin.logentry", "pk": 5, "fields": {"action_time": "2017-11-15T09:53:11.212Z", "user": 1, "content_type": 3, "object_id": "6", "object_repr": "mrtekniker", "action_flag": 1, "change_message": "[{\"added\": {}}]"}}, {"model": "admin.logentry", "pk": 6, "fields": {"action_time": "2017-11-15T09:53:17.413Z", "user": 1, "content_type": 3, "object_id": "7", "object_repr": "mrtekniker2", "action_flag": 1, "change_message": "[{\"added\": {}}]"}}, {"model": "admin.logentry", "pk": 7, "fields": {"action_time": "2017-11-15T09:53:27.773Z", "user": 1, "content_type": 3, "object_id": "8", "object_repr": "mrpr", "action_flag": 1, "change_message": "[{\"added\": {}}]"}}, {"model": "admin.logentry", "pk": 8, "fields": {"action_time": "2017-11-15T09:53:38.165Z", "user": 1, "content_type": 4, "object_id": "1", "object_repr": "arrangoer", "action_flag": 1, "change_message": "[{\"added\": {}}]"}}, {"model": "admin.logentry", "pk": 9, "fields": {"action_time": "2017-11-15T09:53:44.712Z", "user": 1, "content_type": 4, "object_id": "2", "object_repr": "bookingansvarlig", "action_flag": 1, "change_message": "[{\"added\": {}}]"}}, {"model": "admin.logentry", "pk": 10, "fields": {"action_time": "2017-11-15T09:53:49.314Z", "user": 1, "content_type": 4, "object_id": "3", "object_repr": "bookingsjef", "action_flag": 1, "change_message": "[{\"added\": {}}]"}}, {"model": "admin.logentry", "pk": 11, "fields": {"action_time": "2017-11-15T09:53:52.827Z", "user": 1, "content_type": 4, "object_id": "4", "object_repr": "manager", "action_flag": 1, "change_message": "[{\"added\": {}}]"}}, {"model": "admin.logentry", "pk": 12, "fields": {"action_time": "2017-11-15T09:53:57.286Z", "user": 1, "content_type": 4, "object_id": "5", "object_repr": "tekniker", "action_flag": 1, "change_message": "[{\"added\": {}}]"}}, {"model": "admin.logentry", "pk": 13, "fields": {"action_time": "2017-11-15T09:54:00.759Z", "user": 1, "content_type": 4, "object_id": "6", "object_repr": "tekniker2", "action_flag": 1, "change_message": "[{\"added\": {}}]"}}, {"model": "admin.logentry", "pk": 14, "fields": {"action_time": "2017-11-15T09:54:09.530Z", "user": 1, "content_type": 4, "object_id": "7", "object_repr": "PR_ansvarlig", "action_flag": 1, "change_message": "[{\"added\": {}}]"}}, {"model": "admin.logentry", "pk": 15, "fields": {"action_time": "2017-11-15T09:54:21.508Z", "user": 1, "content_type": 3, "object_id": "1", "object_repr": "johannes", "action_flag": 2, "change_message": "[{\"changed\": {\"fields\": [\"groups\"]}}]"}}, {"model": "admin.logentry", "pk": 16, "fields": {"action_time": "2017-11-15T09:55:27.440Z", "user": 1, "content_type": 3, "object_id": "2", "object_repr": "mrarrangoer", "action_flag": 2, "change_message": "[{\"changed\": {\"fields\": [\"groups\"]}}]"}}, {"model": "admin.logentry", "pk": 17, "fields": {"action_time": "2017-11-15T09:55:34.840Z", "user": 1, "content_type": 3, "object_id": "3", "object_repr": "mrbookingansvarlig", "action_flag": 2, "change_message": "[{\"changed\": {\"fields\": [\"groups\"]}}]"}}, {"model": "admin.logentry", "pk": 18, "fields": {"action_time": "2017-11-15T09:55:43.128Z", "user": 1, "content_type": 3, "object_id": "4", "object_repr": "mrbookingsjef", "action_flag": 2, "change_message": "[{\"changed\": {\"fields\": [\"groups\"]}}]"}}, {"model": "admin.logentry", "pk": 19, "fields": {"action_time": "2017-11-15T09:56:39.798Z", "user": 1, "content_type": 3, "object_id": "5", "object_repr": "mrmanager", "action_flag": 2, "change_message": "[{\"changed\": {\"fields\": [\"groups\"]}}]"}}, {"model": "admin.logentry", "pk": 20, "fields": {"action_time": "2017-11-15T09:56:51.566Z", "user": 1, "content_type": 3, "object_id": "8", "object_repr": "mrpr", "action_flag": 2, "change_message": "[{\"changed\": {\"fields\": [\"groups\"]}}]"}}, {"model": "admin.logentry", "pk": 21, "fields": {"action_time": "2017-11-15T09:57:00.611Z", "user": 1, "content_type": 3, "object_id": "6", "object_repr": "mrtekniker", "action_flag": 2, "change_message": "[{\"changed\": {\"fields\": [\"groups\"]}}]"}}, {"model": "admin.logentry", "pk": 22, "fields": {"action_time": "2017-11-15T09:57:08.381Z", "user": 1, "content_type": 3, "object_id": "7", "object_repr": "mrtekniker2", "action_flag": 2, "change_message": "[{\"changed\": {\"fields\": [\"groups\"]}}]"}}, {"model": "admin.logentry", "pk": 23, "fields": {"action_time": "2017-11-15T10:04:55.425Z", "user": 1, "content_type": 10, "object_id": "1", "object_repr": "Nick Cave & The Bad Seeds", "action_flag": 1, "change_message": "[{\"added\": {}}]"}}, {"model": "admin.logentry", "pk": 24, "fields": {"action_time": "2017-11-15T10:06:06.503Z", "user": 1, "content_type": 10, "object_id": "2", "object_repr": "Team \u00c5re", "action_flag": 1, "change_message": "[{\"added\": {}}]"}}, {"model": "admin.logentry", "pk": 25, "fields": {"action_time": "2017-11-15T10:07:39.024Z", "user": 1, "content_type": 10, "object_id": "3", "object_repr": "Metallica", "action_flag": 1, "change_message": "[{\"added\": {}}]"}}, {"model": "admin.logentry", "pk": 26, "fields": {"action_time": "2017-11-15T10:10:03.508Z", "user": 1, "content_type": 10, "object_id": "4", "object_repr": "Dream Theater", "action_flag": 1, "change_message": "[{\"added\": {}}]"}}, {"model": "admin.logentry", "pk": 27, "fields": {"action_time": "2017-11-15T10:11:39.627Z", "user": 1, "content_type": 10, "object_id": "5", "object_repr": "Shakira", "action_flag": 1, "change_message": "[{\"added\": {}}]"}}, {"model": "admin.logentry", "pk": 28, "fields": {"action_time": "2017-11-15T10:13:36.022Z", "user": 1, "content_type": 10, "object_id": "6", "object_repr": "M83", "action_flag": 1, "change_message": "[{\"added\": {}}]"}}, {"model": "admin.logentry", "pk": 29, "fields": {"action_time": "2017-11-15T10:14:10.760Z", "user": 1, "content_type": 10, "object_id": "7", "object_repr": "Kjartan Lauritzen", "action_flag": 1, "change_message": "[{\"added\": {}}]"}}, {"model": "admin.logentry", "pk": 30, "fields": {"action_time": "2017-11-15T10:14:56.597Z", "user": 1, "content_type": 10, "object_id": "8", "object_repr": "Otto Knows", "action_flag": 1, "change_message": "[{\"added\": {}}]"}}, {"model": "admin.logentry", "pk": 31, "fields": {"action_time": "2017-11-15T10:15:56.275Z", "user": 1, "content_type": 10, "object_id": "9", "object_repr": "Alestorm", "action_flag": 1, "change_message": "[{\"added\": {}}]"}}, {"model": "admin.logentry", "pk": 32, "fields": {"action_time": "2017-11-15T10:16:55.239Z", "user": 1, "content_type": 10, "object_id": "10", "object_repr": "The Seatbelts", "action_flag": 1, "change_message": "[{\"added\": {}}]"}}, {"model": "admin.logentry", "pk": 33, "fields": {"action_time": "2017-11-15T10:21:35.388Z", "user": 1, "content_type": 9, "object_id": "1", "object_repr": "D\u00f8dens Dal", "action_flag": 1, "change_message": "[{\"added\": {}}]"}}, {"model": "admin.logentry", "pk": 34, "fields": {"action_time": "2017-11-15T10:21:44.202Z", "user": 1, "content_type": 9, "object_id": "2", "object_repr": "Storsalen", "action_flag": 1, "change_message": "[{\"added\": {}}]"}}, {"model": "admin.logentry", "pk": 35, "fields": {"action_time": "2017-11-15T10:21:52.134Z", "user": 1, "content_type": 9, "object_id": "3", "object_repr": "Knaus", "action_flag": 1, "change_message": "[{\"added\": {}}]"}}, {"model": "admin.logentry", "pk": 36, "fields": {"action_time": "2017-11-15T10:22:03.535Z", "user": 1, "content_type": 9, "object_id": "4", "object_repr": "Bodegaen", "action_flag": 1, "change_message": "[{\"added\": {}}]"}}, {"model": "admin.logentry", "pk": 37, "fields": {"action_time": "2017-11-15T10:24:23.202Z", "user": 1, "content_type": 11, "object_id": "1", "object_repr": "UKA-Kjartan Lauritzen", "action_flag": 1, "change_message": "[{\"added\": {}}]"}}, {"model": "admin.logentry", "pk": 38, "fields": {"action_time": "2017-11-15T12:19:13.090Z", "user": 1, "content_type": 9, "object_id": "2", "object_repr": "UKA-Shakira", "action_flag": 1, "change_message": "[{\"added\": {}}]"}}, {"model": "admin.logentry", "pk": 39, "fields": {"action_time": "2017-11-15T12:21:01.827Z", "user": 1, "content_type": 9, "object_id": "3", "object_repr": "UKA-Metallica & Alestorm", "action_flag": 1, "change_message": "[{\"added\": {}}]"}}, {"model": "admin.logentry", "pk": 40, "fields": {"action_time": "2017-11-15T12:21:33.752Z", "user": 1, "content_type": 9, "object_id": "4", "object_repr": "UKA-Metallica & Alestorm", "action_flag": 1, "change_message": "[{\"added\": {}}]"}}, {"model": "admin.logentry", "pk": 41, "fields": {"action_time": "2017-11-15T12:21:40.352Z", "user": 1, "content_type": 9, "object_id": "3", "object_repr": "UKA-Metallica & Alestorm", "action_flag": 3, "change_message": ""}}, {"model": "admin.logentry", "pk": 42, "fields": {"action_time": "2017-11-15T12:26:09.000Z", "user": 1, "content_type": 9, "object_id": "5", "object_repr": "UKA-M83", "action_flag": 1, "change_message": "[{\"added\": {}}]"}}, {"model": "admin.logentry", "pk": 43, "fields": {"action_time": "2017-11-15T12:42:25.716Z", "user": 1, "content_type": 9, "object_id": "6", "object_repr": "UKA-Dream Theater", "action_flag": 1, "change_message": "[{\"added\": {}}]"}}, {"model": "admin.logentry", "pk": 44, "fields": {"action_time": "2017-11-15T12:43:21.445Z", "user": 1, "content_type": 10, "object_id": "5", "object_repr": "Edgar", "action_flag": 1, "change_message": "[{\"added\": {}}]"}}, {"model": "admin.logentry", "pk": 45, "fields": {"action_time": "2017-11-15T12:44:56.514Z", "user": 1, "content_type": 9, "object_id": "7", "object_repr": "UKA-The Seatbelts", "action_flag": 1, "change_message": "[{\"added\": {}}]"}}, {"model": "admin.logentry", "pk": 46, "fields": {"action_time": "2017-11-15T12:46:39.107Z", "user": 1, "content_type": 9, "object_id": "8", "object_repr": "UKA-Otto Knows", "action_flag": 1, "change_message": "[{\"added\": {}}]"}}, {"model": "admin.logentry", "pk": 47, "fields": {"action_time": "2017-11-15T12:48:38.528Z", "user": 1, "content_type": 4, "object_id": "9", "object_repr": "tore", "action_flag": 1, "change_message": "[{\"added\": {}}]"}}, {"model": "admin.logentry", "pk": 48, "fields": {"action_time": "2017-11-15T12:48:47.229Z", "user": 1, "content_type": 9, "object_id": "8", "object_repr": "UKA-Otto Knows", "action_flag": 2, "change_message": "[{\"changed\": {\"fields\": [\"teknikere\"]}}]"}}, {"model": "admin.logentry", "pk": 49, "fields": {"action_time": "2017-11-15T12:48:55.300Z", "user": 1, "content_type": 9, "object_id": "7", "object_repr": "UKA-The Seatbelts", "action_flag": 2, "change_message": "[{\"changed\": {\"fields\": [\"teknikere\"]}}]"}}, {"model": "admin.logentry", "pk": 50, "fields": {"action_time": "2017-11-15T12:49:06.728Z", "user": 1, "content_type": 9, "object_id": "6", "object_repr": "UKA-Dream Theater", "action_flag": 2, "change_message": "[{\"changed\": {\"fields\": [\"teknikere\"]}}]"}}, {"model": "admin.logentry", "pk": 51, "fields": {"action_time": "2017-11-15T12:49:15.560Z", "user": 1, "content_type": 9, "object_id": "5", "object_repr": "UKA-M83", "action_flag": 2, "change_message": "[{\"changed\": {\"fields\": [\"teknikere\"]}}]"}}, {"model": "admin.logentry", "pk": 52, "fields": {"action_time": "2017-11-15T12:49:27.658Z", "user": 1, "content_type": 9, "object_id": "1", "object_repr": "UKA-Kjartan Lauritzen", "action_flag": 2, "change_message": "[{\"changed\": {\"fields\": [\"teknikere\"]}}]"}}, {"model": "admin.logentry", "pk": 53, "fields": {"action_time": "2017-11-15T12:49:38.281Z", "user": 1, "content_type": 9, "object_id": "5", "object_repr": "UKA-M83", "action_flag": 2, "change_message": "[]"}}, {"model": "admin.logentry", "pk": 54, "fields": {"action_time": "2017-11-15T12:49:45.542Z", "user": 1, "content_type": 9, "object_id": "6", "object_repr": "UKA-Dream Theater", "action_flag": 2, "change_message": "[]"}}, {"model": "admin.logentry", "pk": 55, "fields": {"action_time": "2017-11-15T12:49:51.870Z", "user": 1, "content_type": 9, "object_id": "5", "object_repr": "UKA-M83", "action_flag": 2, "change_message": "[]"}}, {"model": "admin.logentry", "pk": 56, "fields": {"action_time": "2017-11-15T12:50:01.722Z", "user": 1, "content_type": 9, "object_id": "4", "object_repr": "UKA-Metallica & Alestorm", "action_flag": 2, "change_message": "[{\"changed\": {\"fields\": [\"teknikere\"]}}]"}}, {"model": "admin.logentry", "pk": 57, "fields": {"action_time": "2017-11-15T13:52:19.228Z", "user": 1, "content_type": 11, "object_id": "1", "object_repr": "SM58", "action_flag": 2, "change_message": "[{\"changed\": {\"fields\": [\"band\"]}}]"}}, {"model": "admin.logentry", "pk": 58, "fields": {"action_time": "2017-11-15T13:52:32.016Z", "user": 1, "content_type": 11, "object_id": "1", "object_repr": "SM58", "action_flag": 2, "change_message": "[{\"changed\": {\"fields\": [\"band\"]}}]"}}, {"model": "admin.logentry", "pk": 59, "fields": {"action_time": "2017-11-15T15:32:24.570Z", "user": 1, "content_type": 11, "object_id": "1", "object_repr": "Mikrfon", "action_flag": 2, "change_message": "[{\"changed\": {\"fields\": [\"behov\"]}}]"}}, {"model": "admin.logentry", "pk": 60, "fields": {"action_time": "2017-11-15T15:32:31.716Z", "user": 1, "content_type": 11, "object_id": "1", "object_repr": "Mikrofon", "action_flag": 2, "change_message": "[{\"changed\": {\"fields\": [\"behov\"]}}]"}}, {"model": "admin.logentry", "pk": 61, "fields": {"action_time": "2017-11-15T15:42:09.438Z", "user": 1, "content_type": 11, "object_id": "2", "object_repr": "Mikrofon", "action_flag": 1, "change_message": "[{\"added\": {}}]"}}, {"model": "admin.logentry", "pk": 62, "fields": {"action_time": "2017-11-15T15:43:23.806Z", "user": 1, "content_type": 11, "object_id": "3", "object_repr": "Mikrofon", "action_flag": 1, "change_message": "[{\"added\": {}}]"}}, {"model": "admin.logentry", "pk": 63, "fields": {"action_time": "2017-11-15T15:43:36.723Z", "user": 1, "content_type": 12, "object_id": "2", "object_repr": "Trommer", "action_flag": 1, "change_message": "[{\"added\": {}}]"}}, {"model": "admin.logentry", "pk": 64, "fields": {"action_time": "2017-11-15T15:43:45.681Z", "user": 1, "content_type": 11, "object_id": "4", "object_repr": "Sambatrommer", "action_flag": 1, "change_message": "[{\"added\": {}}]"}}, {"model": "admin.logentry", "pk": 65, "fields": {"action_time": "2017-11-15T15:45:38.701Z", "user": 1, "content_type": 12, "object_id": "3", "object_repr": "Gitar", "action_flag": 1, "change_message": "[{\"added\": {}}]"}}, {"model": "admin.logentry", "pk": 66, "fields": {"action_time": "2017-11-15T15:45:48.924Z", "user": 1, "content_type": 11, "object_id": "5", "object_repr": "Gitar", "action_flag": 1, "change_message": "[{\"added\": {}}]"}}, {"model": "admin.logentry", "pk": 67, "fields": {"action_time": "2017-11-15T15:46:04.807Z", "user": 1, "content_type": 11, "object_id": "6", "object_repr": "Bass", "action_flag": 1, "change_message": "[{\"added\": {}}]"}}, {"model": "admin.logentry", "pk": 68, "fields": {"action_time": "2017-11-15T15:46:26.821Z", "user": 1, "content_type": 11, "object_id": "7", "object_repr": "Trommesett", "action_flag": 1, "change_message": "[{\"added\": {}}]"}}, {"model": "admin.logentry", "pk": 69, "fields": {"action_time": "2017-11-15T15:47:31.700Z", "user": 1, "content_type": 12, "object_id": "4", "object_repr": "Piano", "action_flag": 1, "change_message": "[{\"added\": {}}]"}}, {"model": "admin.logentry", "pk": 70, "fields": {"action_time": "2017-11-15T15:47:52.680Z", "user": 1, "content_type": 11, "object_id": "8", "object_repr": "Synth", "action_flag": 1, "change_message": "[{\"added\": {}}]"}}, {"model": "admin.logentry", "pk": 71, "fields": {"action_time": "2017-11-15T15:48:21.893Z", "user": 1, "content_type": 11, "object_id": "9", "object_repr": "Mikrofon", "action_flag": 1, "change_message": "[{\"added\": {}}]"}}, {"model": "admin.logentry", "pk": 72, "fields": {"action_time": "2017-11-15T15:52:05.584Z", "user": 1, "content_type": 11, "object_id": "10", "object_repr": "Mikrofon", "action_flag": 1, "change_message": "[{\"added\": {}}]"}}, {"model": "admin.logentry", "pk": 73, "fields": {"action_time": "2017-11-15T15:54:03.661Z", "user": 1, "content_type": 11, "object_id": "11", "object_repr": "Gitar", "action_flag": 1, "change_message": "[{\"added\": {}}]"}}, {"model": "admin.logentry", "pk": 74, "fields": {"action_time": "2017-11-15T15:55:40.134Z", "user": 1, "content_type": 11, "object_id": "12", "object_repr": "Trommesett", "action_flag": 1, "change_message": "[{\"added\": {}}]"}}, {"model": "admin.logentry", "pk": 75, "fields": {"action_time": "2017-11-15T15:55:59.579Z", "user": 1, "content_type": 11, "object_id": "13", "object_repr": "Bass", "action_flag": 1, "change_message": "[{\"added\": {}}]"}}, {"model": "admin.logentry", "pk": 76, "fields": {"action_time": "2017-11-15T16:02:45.129Z", "user": 1, "content_type": 9, "object_id": "7", "object_repr": "UKA-The Seatbelts", "action_flag": 2, "change_message": "[{\"changed\": {\"fields\": [\"festival\"]}}]"}}, {"model": "admin.logentry", "pk": 77, "fields": {"action_time": "2017-11-15T16:25:49.449Z", "user": 1, "content_type": 9, "object_id": "6", "object_repr": "UKA-Dream Theater", "action_flag": 2, "change_message": "[{\"changed\": {\"fields\": [\"band\"]}}]"}}]